rank	priority	score	candidate_id	package	cwe	suggested_rule	source	repo_url	fix_commit	advisory_url	commit_url	reasons
1	P0	195	osv-GHSA-m2h6-j472-rp4c-1	cryptography	CWE-295	CRYPTO-010	GHSA/OSV	https://github.com/pyca/cryptography	4d035a4225965edeffd312079a510ef25fcfdcb2	https://osv.dev/vulnerability/GHSA-m2h6-j472-rp4c	https://github.com/pyca/cryptography/commit/4d035a4225965edeffd312079a510ef25fcfdcb2	target-cwe:CWE-295,crypto-keyword,core-crypto-package,github-repo,fix-commit
2	P0	195	osv-GHSA-ffqj-6fqr-9h24	pyjwt	CWE-327		GHSA/OSV	https://github.com/jpadilla/pyjwt	9c528670c455b8d948aff95ed50e22940d1ad3fc	https://osv.dev/vulnerability/GHSA-ffqj-6fqr-9h24	https://github.com/jpadilla/pyjwt/commit/9c528670c455b8d948aff95ed50e22940d1ad3fc	target-cwe:CWE-327,crypto-keyword,core-crypto-package,github-repo,fix-commit
3	P1	170	ghsa-GHSA-p3h7-3c45-qj4v-1	keyring	CWE-326	CRYPTO-009	GHSA	https://github.com/jaraco/keyring	162f2ed0e39e16d561732b9fad8af6cd2341d7bd	https://osv.dev/vulnerability/GHSA-p3h7-3c45-qj4v	https://github.com/jaraco/keyring/commit/162f2ed0e39e16d561732b9fad8af6cd2341d7bd	target-cwe:CWE-326,core-crypto-package,watchlist,github-repo,fix-commit
4	P0	165	osv-GHSA-35m5-8cvj-8783	enrocrypt	CWE-326	CRYPTO-009	GHSA/OSV	https://github.com/Morgan-Phoenix/EnroCrypt	e652d56ac60eadfc26489ab83927af13a9b9d8ce	https://osv.dev/vulnerability/GHSA-35m5-8cvj-8783	https://github.com/Morgan-Phoenix/EnroCrypt/commit/e652d56ac60eadfc26489ab83927af13a9b9d8ce	target-cwe:CWE-326,CWE-327,CWE-916,multi-target-cwe,crypto-keyword,github-repo,fix-commit
5	P0	155	osv-GHSA-xg4x-w2j3-57h6	OctoPrint	CWE-208	CRYPTO-013	GHSA/OSV	https://github.com/OctoPrint/OctoPrint	249fd80ab01bc4b7dabedff768230a0fb5d01a8c	https://osv.dev/vulnerability/GHSA-xg4x-w2j3-57h6	https://github.com/OctoPrint/OctoPrint/commit/249fd80ab01bc4b7dabedff768230a0fb5d01a8c	target-cwe:CWE-208,crypto-keyword,github-repo,fix-commit
6	P0	155	osv-GHSA-77rc-x84q-pv4f-1	apache-airflow	CWE-295	CRYPTO-010	GHSA/OSV	https://github.com/apache/airflow	28abf87bd173cc4cedc57f553118470e5745a968	https://osv.dev/vulnerability/GHSA-77rc-x84q-pv4f	https://github.com/apache/airflow/commit/28abf87bd173cc4cedc57f553118470e5745a968	target-cwe:CWE-295,crypto-keyword,github-repo,fix-commit
7	P0	155	osv-GHSA-5f35-pq34-c87q-1	apache-airflow-providers-smtp	CWE-295	CRYPTO-010	GHSA/OSV	https://github.com/apache/airflow	38fc9cd823feafd8ec61d5d5c7eddb9e9162f755	https://osv.dev/vulnerability/GHSA-5f35-pq34-c87q	https://github.com/apache/airflow/commit/38fc9cd823feafd8ec61d5d5c7eddb9e9162f755	target-cwe:CWE-295,crypto-keyword,github-repo,fix-commit
8	P0	155	osv-GHSA-g2jx-37x6-6438-1	arcade-mcp-server	CWE-321	CRYPTO-007	GHSA/OSV	https://github.com/ArcadeAI/arcade-mcp	44660d18ceb220600401303df860a31ca766c817	https://osv.dev/vulnerability/GHSA-g2jx-37x6-6438	https://github.com/ArcadeAI/arcade-mcp/commit/44660d18ceb220600401303df860a31ca766c817	target-cwe:CWE-321,crypto-keyword,github-repo,fix-commit
9	P0	155	osv-GHSA-4m32-cjv7-f425	astrbot	CWE-321	CRYPTO-007	GHSA/OSV	https://github.com/AstrBotDevs/AstrBot	d03e9fb90a0921a1bd10cf480bdacc9aaa246472	https://osv.dev/vulnerability/GHSA-4m32-cjv7-f425	https://github.com/AstrBotDevs/AstrBot/commit/d03e9fb90a0921a1bd10cf480bdacc9aaa246472	target-cwe:CWE-321,crypto-keyword,github-repo,fix-commit
10	P0	155	osv-GHSA-gc24-px2r-5qmf-1	bambuddy	CWE-321	CRYPTO-007	GHSA/OSV	https://github.com/maziggy/bambuddy	a82f9278d2d587b7042a0858aab79fd8b6e3add9	https://osv.dev/vulnerability/GHSA-gc24-px2r-5qmf	https://github.com/maziggy/bambuddy/commit/a82f9278d2d587b7042a0858aab79fd8b6e3add9	target-cwe:CWE-321,crypto-keyword,github-repo,fix-commit
11	P0	155	osv-GHSA-39vm-p9mr-4r27	beaker	CWE-326	CRYPTO-009	GHSA/OSV	https://github.com/bbangert/beaker	91becae76101cf87ce8cbfabe3af2622fc328fe5	https://osv.dev/vulnerability/GHSA-39vm-p9mr-4r27	https://github.com/bbangert/beaker/commit/91becae76101cf87ce8cbfabe3af2622fc328fe5	target-cwe:CWE-326,crypto-keyword,github-repo,fix-commit
12	P0	155	osv-GHSA-w6q2-48ch-fj26-1	bigflow	CWE-295	CRYPTO-010	GHSA/OSV	https://github.com/allegro/bigflow	4ce197ff99bd38693dea59ab5e9b781fbcef4276	https://osv.dev/vulnerability/GHSA-w6q2-48ch-fj26	https://github.com/allegro/bigflow/commit/4ce197ff99bd38693dea59ab5e9b781fbcef4276	target-cwe:CWE-295,crypto-keyword,github-repo,fix-commit
13	P0	155	osv-GHSA-f248-v4qh-x2r6	blackduck	CWE-295	CRYPTO-010	GHSA/OSV	https://github.com/blackducksoftware/hub-rest-api-python	0a25777117515b8b4ff287a98f57837a8c6bdbdb	https://osv.dev/vulnerability/GHSA-f248-v4qh-x2r6	https://github.com/blackducksoftware/hub-rest-api-python/commit/0a25777117515b8b4ff287a98f57837a8c6bdbdb	target-cwe:CWE-295,crypto-keyword,github-repo,fix-commit
14	P0	155	osv-GHSA-m38j-pmg3-v5x5	django-basic-auth-ip-whitelist	CWE-208	CRYPTO-013	GHSA/OSV	https://github.com/tm-kn/django-basic-auth-ip-whitelist	effe05ed1ed9e1ccc675a65b69d36217e5c5dfc6	https://osv.dev/vulnerability/GHSA-m38j-pmg3-v5x5	https://github.com/tm-kn/django-basic-auth-ip-whitelist/commit/effe05ed1ed9e1ccc675a65b69d36217e5c5dfc6	target-cwe:CWE-208,crypto-keyword,github-repo,fix-commit
15	P0	155	osv-GHSA-95c6-p277-p87g	fastapi-api-key	CWE-208	CRYPTO-013	GHSA/OSV	https://github.com/Athroniaeth/fastapi-api-key	310b2c5c77305f38c63c0b917539a0344071dfd8	https://osv.dev/vulnerability/GHSA-95c6-p277-p87g	https://github.com/Athroniaeth/fastapi-api-key/commit/310b2c5c77305f38c63c0b917539a0344071dfd8	target-cwe:CWE-208,crypto-keyword,github-repo,fix-commit
16	P0	155	osv-GHSA-6655-8ph2-63j3	gradio	CWE-327		GHSA/OSV	https://github.com/gradio-app/gradio	1c609af6918b20d0b4347b9f41b04569d6adca24	https://osv.dev/vulnerability/GHSA-6655-8ph2-63j3	https://github.com/gradio-app/gradio/commit/1c609af6918b20d0b4347b9f41b04569d6adca24	target-cwe:CWE-327,crypto-keyword,github-repo,fix-commit
17	P0	155	osv-GHSA-8r96-8889-qg2x	httpie	CWE-295	CRYPTO-010	GHSA/OSV	https://github.com/httpie/cli	7f03c52d2237440c5a672296ce6955aae4ed4f09	https://osv.dev/vulnerability/GHSA-8r96-8889-qg2x	https://github.com/httpie/cli/commit/7f03c52d2237440c5a672296ce6955aae4ed4f09	target-cwe:CWE-295,crypto-keyword,github-repo,fix-commit
18	P0	155	osv-GHSA-gg9x-qcx2-xmrh	joserfc	CWE-326	CRYPTO-009	GHSA/OSV	https://github.com/authlib/joserfc	86d00910b2b2d2d07503fee9b572906daefab7f1	https://osv.dev/vulnerability/GHSA-gg9x-qcx2-xmrh	https://github.com/authlib/joserfc/commit/86d00910b2b2d2d07503fee9b572906daefab7f1	target-cwe:CWE-326,crypto-keyword,github-repo,fix-commit
19	P0	155	osv-GHSA-c759-cx9p-mrwq	lightrag-hku	CWE-208	CRYPTO-013	GHSA/OSV	https://github.com/HKUDS/LightRAG	89849c3ed0e0380345a6b5bade027cfb9a5bf32c	https://osv.dev/vulnerability/GHSA-c759-cx9p-mrwq	https://github.com/HKUDS/LightRAG/commit/89849c3ed0e0380345a6b5bade027cfb9a5bf32c	target-cwe:CWE-208,crypto-keyword,github-repo,fix-commit
20	P0	155	osv-GHSA-7gf7-7wx4-mxmw-1	mercurial	CWE-295	CRYPTO-010	GHSA/OSV	https://github.com/dscho/hg	4ea63fb25ceeeaaa4cd1026f733b7ea7672c30b3	https://osv.dev/vulnerability/GHSA-7gf7-7wx4-mxmw	https://github.com/dscho/hg/commit/4ea63fb25ceeeaaa4cd1026f733b7ea7672c30b3	target-cwe:CWE-295,crypto-keyword,github-repo,fix-commit
21	P0	155	osv-GHSA-prfw-69r3-wqxf	ms-swift	CWE-327		GHSA/OSV	https://github.com/modelscope/ms-swift	27426a6431759a82e2a1c98344b425f90be17e07	https://osv.dev/vulnerability/GHSA-prfw-69r3-wqxf	https://github.com/modelscope/ms-swift/commit/27426a6431759a82e2a1c98344b425f90be17e07	target-cwe:CWE-327,crypto-keyword,github-repo,fix-commit
22	P0	155	osv-GHSA-8v53-23mx-hcf9	pyload-ng	CWE-295	CRYPTO-010	GHSA/OSV	https://github.com/pyload/pyload	a9098bdf7406e6faf9df3da6ff2d584e90c13bbb	https://osv.dev/vulnerability/GHSA-8v53-23mx-hcf9	https://github.com/pyload/pyload/commit/a9098bdf7406e6faf9df3da6ff2d584e90c13bbb	target-cwe:CWE-295,crypto-keyword,github-repo,fix-commit
23	P0	155	osv-GHSA-7r92-3jgr-r65q	pyquorum	CWE-208	CRYPTO-013	GHSA/OSV	https://github.com/svvqt/pyquorum	1e9ac41dd3c305c13d7a6b7d227bf325be82d730	https://osv.dev/vulnerability/GHSA-7r92-3jgr-r65q	https://github.com/svvqt/pyquorum/commit/1e9ac41dd3c305c13d7a6b7d227bf325be82d730	target-cwe:CWE-208,crypto-keyword,github-repo,fix-commit
24	P0	155	osv-GHSA-qh2x-hpf9-cf2g-1	python-keystoneclient	CWE-295	CRYPTO-010	GHSA/OSV	https://github.com/openstack/cinder	0f9652d92e175a1f7dc3c2a37ab444b8f189375a	https://osv.dev/vulnerability/GHSA-qh2x-hpf9-cf2g	https://github.com/openstack/cinder/commit/0f9652d92e175a1f7dc3c2a37ab444b8f189375a	target-cwe:CWE-295,crypto-keyword,github-repo,fix-commit
25	P0	155	osv-GHSA-3xxc-pwj6-jgrj	rfc3161-client	CWE-295	CRYPTO-010	GHSA/OSV	https://github.com/trailofbits/rfc3161-client	4f7d372297b4fba7b0119e9f954e4495ec0592c0	https://osv.dev/vulnerability/GHSA-3xxc-pwj6-jgrj	https://github.com/trailofbits/rfc3161-client/commit/4f7d372297b4fba7b0119e9f954e4495ec0592c0	target-cwe:CWE-295,crypto-keyword,github-repo,fix-commit
26	P0	155	osv-GHSA-xjhr-fm27-4hmx	richie	CWE-208	CRYPTO-013	GHSA/OSV	https://github.com/openfun/richie	a1b5bbda3403d7debb466c303a32852925fcba5f	https://osv.dev/vulnerability/GHSA-xjhr-fm27-4hmx	https://github.com/openfun/richie/commit/a1b5bbda3403d7debb466c303a32852925fcba5f	target-cwe:CWE-208,crypto-keyword,github-repo,fix-commit
27	P0	155	osv-GHSA-rjrp-m2jw-pv9c-1	sagemaker	CWE-295	CRYPTO-010	GHSA/OSV	https://github.com/aws/sagemaker-python-sdk	708c7b2f4135ecaec55973d098f3dbe98b657933	https://osv.dev/vulnerability/GHSA-rjrp-m2jw-pv9c	https://github.com/aws/sagemaker-python-sdk/commit/708c7b2f4135ecaec55973d098f3dbe98b657933	target-cwe:CWE-295,crypto-keyword,github-repo,fix-commit
28	P0	155	osv-GHSA-w6xv-mf6f-r5f6	scalyr-agent-2	CWE-295	CRYPTO-010	GHSA/OSV	https://github.com/scalyr/scalyr-agent-2	96d5f5bec734c7a0e7c64654cdb7aacc81fdc867	https://osv.dev/vulnerability/GHSA-w6xv-mf6f-r5f6	https://github.com/scalyr/scalyr-agent-2/commit/96d5f5bec734c7a0e7c64654cdb7aacc81fdc867	target-cwe:CWE-295,crypto-keyword,github-repo,fix-commit
29	P0	155	osv-GHSA-gmhf-gg8w-jw42	signxml	CWE-208	CRYPTO-013	GHSA/OSV	https://github.com/XML-Security/signxml	1b501faaacf34cf978a52dbc6915ec11e27611cd	https://osv.dev/vulnerability/GHSA-gmhf-gg8w-jw42	https://github.com/XML-Security/signxml/commit/1b501faaacf34cf978a52dbc6915ec11e27611cd	target-cwe:CWE-208,crypto-keyword,github-repo,fix-commit
30	P0	155	osv-GHSA-vqwp-45wm-r9r5	streamlit	CWE-327		GHSA/OSV	https://github.com/streamlit/streamlit	fec0f584dae9261abed16cad35b32922104bb933	https://osv.dev/vulnerability/GHSA-vqwp-45wm-r9r5	https://github.com/streamlit/streamlit/commit/fec0f584dae9261abed16cad35b32922104bb933	target-cwe:CWE-327,crypto-keyword,github-repo,fix-commit
31	P0	155	osv-GHSA-wvcv-832q-fjg7	tlslite-ng	CWE-326	CRYPTO-009	GHSA/OSV	https://github.com/tlsfuzzer/tlslite-ng	c28d6d387bba59d8bd5cb3ba15edc42edf54b368	https://osv.dev/vulnerability/GHSA-wvcv-832q-fjg7	https://github.com/tlsfuzzer/tlslite-ng/commit/c28d6d387bba59d8bd5cb3ba15edc42edf54b368	target-cwe:CWE-326,crypto-keyword,github-repo,fix-commit
32	P0	155	osv-GHSA-5h3x-6gwf-73jm	vantage6	CWE-208	CRYPTO-013	GHSA/OSV	https://github.com/vantage6/vantage6	aecfd6d0e83165a41a60ebd52d2287b0217be26b	https://osv.dev/vulnerability/GHSA-5h3x-6gwf-73jm	https://github.com/vantage6/vantage6/commit/aecfd6d0e83165a41a60ebd52d2287b0217be26b	target-cwe:CWE-208,crypto-keyword,github-repo,fix-commit
33	P0	155	osv-GHSA-45gq-q4xh-cp53	vantage6-server	CWE-208	CRYPTO-013	GHSA/OSV	https://github.com/vantage6/vantage6	389f416c445da4f2438c72f34c3b1084485c4e30	https://osv.dev/vulnerability/GHSA-45gq-q4xh-cp53	https://github.com/vantage6/vantage6/commit/389f416c445da4f2438c72f34c3b1084485c4e30	target-cwe:CWE-208,crypto-keyword,github-repo,fix-commit
34	P0	155	osv-GHSA-4qjh-9fv9-r85r	vllm	CWE-208	CRYPTO-013	GHSA/OSV	https://github.com/vllm-project/vllm	77073c77bc2006eb80ea6d5128f076f5e6c6f54f	https://osv.dev/vulnerability/GHSA-4qjh-9fv9-r85r	https://github.com/vllm-project/vllm/commit/77073c77bc2006eb80ea6d5128f076f5e6c6f54f	target-cwe:CWE-208,crypto-keyword,github-repo,fix-commit
35	P0	155	osv-GHSA-jjjr-3jcw-f8v6-1	wagtail	CWE-208	CRYPTO-013	GHSA/OSV	https://github.com/wagtail/wagtail	3c030490ed575bb9cd01dfb3a890477dcaeb2edf	https://osv.dev/vulnerability/GHSA-jjjr-3jcw-f8v6	https://github.com/wagtail/wagtail/commit/3c030490ed575bb9cd01dfb3a890477dcaeb2edf	target-cwe:CWE-208,crypto-keyword,github-repo,fix-commit
36	P0	155	osv-GHSA-8ch4-58qp-g3mp	websockets	CWE-208	CRYPTO-013	GHSA/OSV	https://github.com/aaugustin/websockets	547a26b685d08cac0aa64e5e65f7867ac0ea9bc0	https://osv.dev/vulnerability/GHSA-8ch4-58qp-g3mp	https://github.com/aaugustin/websockets/commit/547a26b685d08cac0aa64e5e65f7867ac0ea9bc0	target-cwe:CWE-208,crypto-keyword,github-repo,fix-commit
37	P1	145	ghsa-GHSA-3c45-wgjp-7v9r	Twisted	CWE-295	CRYPTO-010	GHSA	https://github.com/twisted/twisted	3b5942252f5f3e45862a0e12b266ab29e243cc33	https://osv.dev/vulnerability/GHSA-3c45-wgjp-7v9r	https://github.com/twisted/twisted/commit/3b5942252f5f3e45862a0e12b266ab29e243cc33	target-cwe:CWE-295,security-sensitive-package,watchlist,github-repo,fix-commit
38	P1	125	ghsa-GHSA-82r6-8w77-94w6	anyio	CWE-295	CRYPTO-010	GHSA	https://github.com/agronholm/anyio	68f58915f82d9be8109ebbbd8f5d70577d43f2ce	https://osv.dev/vulnerability/GHSA-82r6-8w77-94w6	https://github.com/agronholm/anyio/commit/68f58915f82d9be8109ebbbd8f5d70577d43f2ce	target-cwe:CWE-295,github-repo,fix-commit
39	P1	125	ghsa-GHSA-prcq-52f8-fp44	apache-libcloud	CWE-295	CRYPTO-010	GHSA	https://github.com/apache/libcloud	f2af5502dae3ac63e656dd1b7d5f29cc82ded401	https://osv.dev/vulnerability/GHSA-prcq-52f8-fp44	https://github.com/apache/libcloud/commit/f2af5502dae3ac63e656dd1b7d5f29cc82ded401	target-cwe:CWE-295,github-repo,fix-commit
40	P1	125	ghsa-GHSA-w3j6-8j34-q43x	apache-libcloud	CWE-295	CRYPTO-010	GHSA	https://github.com/apache/libcloud	87ee61e6ba03a43dcefea2ce180988bec066b6fd	https://osv.dev/vulnerability/GHSA-w3j6-8j34-q43x	https://github.com/apache/libcloud/commit/87ee61e6ba03a43dcefea2ce180988bec066b6fd	target-cwe:CWE-295,github-repo,fix-commit
41	P1	125	ghsa-GHSA-2xwp-m7mq-7q3r	aws-encryption-sdk-cli	CWE-326	CRYPTO-009	GHSA	https://github.com/aws/aws-encryption-sdk-cli	7d21b8051cab9e52e056fe427d2bff19cf146460	https://osv.dev/vulnerability/GHSA-2xwp-m7mq-7q3r	https://github.com/aws/aws-encryption-sdk-cli/commit/7d21b8051cab9e52e056fe427d2bff19cf146460	target-cwe:CWE-326,github-repo,fix-commit
42	P1	125	ghsa-GHSA-94jq-q5v2-76wj-1	awsiotsdk	CWE-295	CRYPTO-010	GHSA	https://github.com/aws/aws-iot-device-sdk-java-v2	67950ad2a02f2f9355c310b69dc9226b017f32f2	https://osv.dev/vulnerability/GHSA-94jq-q5v2-76wj	https://github.com/aws/aws-iot-device-sdk-java-v2/commit/67950ad2a02f2f9355c310b69dc9226b017f32f2	target-cwe:CWE-295,github-repo,fix-commit
43	P1	125	ghsa-GHSA-j3f7-7rmc-6wqj-1	awsiotsdk	CWE-295	CRYPTO-010	GHSA	https://github.com/aws/aws-iot-device-sdk-java-v2	46375e9b1bfb34109b9ff3b1eff9c770f9daa186	https://osv.dev/vulnerability/GHSA-j3f7-7rmc-6wqj	https://github.com/aws/aws-iot-device-sdk-java-v2/commit/46375e9b1bfb34109b9ff3b1eff9c770f9daa186	target-cwe:CWE-295,github-repo,fix-commit
44	P1	125	ghsa-GHSA-v49p-m6gh-747c	djoser	CWE-295	CRYPTO-010	GHSA	https://github.com/sunscrapers/djoser	d33c3993c0c735f23cbedc60fa59fce69354f19d	https://osv.dev/vulnerability/GHSA-v49p-m6gh-747c	https://github.com/sunscrapers/djoser/commit/d33c3993c0c735f23cbedc60fa59fce69354f19d	target-cwe:CWE-295,github-repo,fix-commit
45	P1	125	ghsa-GHSA-82vr-5769-6358	ethyca-fides	CWE-338	CRYPTO-008	GHSA	https://github.com/ethyca/fides	685bae61c203d29ed189f4b066a5223a9bb774c6	https://osv.dev/vulnerability/GHSA-82vr-5769-6358	https://github.com/ethyca/fides/commit/685bae61c203d29ed189f4b066a5223a9bb774c6	target-cwe:CWE-338,github-repo,fix-commit
46	P1	125	ghsa-GHSA-mv8m-v9v6-5f94	kas	CWE-295	CRYPTO-010	GHSA	https://github.com/siemens/kas	1c1e861c9f241ce082b86bef6bedc7da9b676294	https://osv.dev/vulnerability/GHSA-mv8m-v9v6-5f94	https://github.com/siemens/kas/commit/1c1e861c9f241ce082b86bef6bedc7da9b676294	target-cwe:CWE-295,github-repo,fix-commit
47	P1	125	ghsa-GHSA-p6hw-wm59-3g5g	matrix-sydent	CWE-295	CRYPTO-010	GHSA	https://github.com/matrix-org/sydent	1cd748307c6b168b66154e6c4db715d4b9551261	https://osv.dev/vulnerability/GHSA-p6hw-wm59-3g5g	https://github.com/matrix-org/sydent/commit/1cd748307c6b168b66154e6c4db715d4b9551261	target-cwe:CWE-295,github-repo,fix-commit
48	P1	125	ghsa-GHSA-fhq3-2gf3-8f3j	misp-modules	CWE-295	CRYPTO-010	GHSA	https://github.com/MISP/misp-modules	01a522f2772fc31eeed379ccf23750c8a3d401db	https://osv.dev/vulnerability/GHSA-fhq3-2gf3-8f3j	https://github.com/MISP/misp-modules/commit/01a522f2772fc31eeed379ccf23750c8a3d401db	target-cwe:CWE-295,github-repo,fix-commit
49	P1	125	ghsa-GHSA-7rw5-9f7q-xj36	open-webui	CWE-208	CRYPTO-013	GHSA	https://github.com/open-webui/open-webui	993e74912199c66c522f08ec81abe31d76985e39	https://osv.dev/vulnerability/GHSA-7rw5-9f7q-xj36	https://github.com/open-webui/open-webui/commit/993e74912199c66c522f08ec81abe31d76985e39	target-cwe:CWE-208,github-repo,fix-commit
50	P1	125	ghsa-GHSA-h3m5-p59h-x88p	openssl-encrypt	CWE-256	CRYPTO-011	GHSA	https://github.com/jahlives/openssl_encrypt	e78a3666e4592f3538adaaa6be8f5f04356174db	https://osv.dev/vulnerability/GHSA-h3m5-p59h-x88p	https://github.com/jahlives/openssl_encrypt/commit/e78a3666e4592f3538adaaa6be8f5f04356174db	target-cwe:CWE-256,github-repo,fix-commit
51	P1	125	ghsa-GHSA-mhhf-vgwh-fw9h	passeo	CWE-338	CRYPTO-008	GHSA	https://github.com/ArjunSharda/Passeo	8caa798b6bc4647dca59b2376204b6dc6176361a	https://osv.dev/vulnerability/GHSA-mhhf-vgwh-fw9h	https://github.com/ArjunSharda/Passeo/commit/8caa798b6bc4647dca59b2376204b6dc6176361a	target-cwe:CWE-338,github-repo,fix-commit
52	P1	125	ghsa-GHSA-g4r8-3qmh-pmch	pgadmin4	CWE-295	CRYPTO-010	GHSA	https://github.com/pgadmin-org/pgadmin4	09d2b7eeb0e330df73b1aef0cba57788fde52b6b	https://osv.dev/vulnerability/GHSA-g4r8-3qmh-pmch	https://github.com/pgadmin-org/pgadmin4/commit/09d2b7eeb0e330df73b1aef0cba57788fde52b6b	target-cwe:CWE-295,github-repo,fix-commit
53	P1	125	ghsa-GHSA-qv37-mfjf-42h8	pulp-ansible	CWE-256	CRYPTO-011	GHSA	https://github.com/pulp/pulp_ansible	d13c427b09482a7f598d8ee597d17a8a34888665	https://osv.dev/vulnerability/GHSA-qv37-mfjf-42h8	https://github.com/pulp/pulp_ansible/commit/d13c427b09482a7f598d8ee597d17a8a34888665	target-cwe:CWE-256,github-repo,fix-commit
54	P1	125	ghsa-GHSA-6p6v-m64v-jx8q-1	pyspark	CWE-326	CRYPTO-009	GHSA	https://github.com/apache/spark	05ba74e5f8043601b7af530429ceaf828d7bb329	https://osv.dev/vulnerability/GHSA-6p6v-m64v-jx8q	https://github.com/apache/spark/commit/05ba74e5f8043601b7af530429ceaf828d7bb329	target-cwe:CWE-326,github-repo,fix-commit
55	P1	125	ghsa-GHSA-c3xq-cj8f-7829	python-keystoneclient	CWE-326	CRYPTO-009	GHSA	https://github.com/openstack/python-keystoneclient	eeefb784f24c37d5f56a421e1ccc911cace9385e	https://osv.dev/vulnerability/GHSA-c3xq-cj8f-7829	https://github.com/openstack/python-keystoneclient/commit/eeefb784f24c37d5f56a421e1ccc911cace9385e	target-cwe:CWE-326,github-repo,fix-commit
56	P1	125	ghsa-GHSA-p3xv-97g8-4wmj	python-swiftclient	CWE-295	CRYPTO-010	GHSA	https://github.com/openstack/python-swiftclient	b182112719ab87942472e44aa3446ea0eb19a289	https://osv.dev/vulnerability/GHSA-p3xv-97g8-4wmj	https://github.com/openstack/python-swiftclient/commit/b182112719ab87942472e44aa3446ea0eb19a289	target-cwe:CWE-295,github-repo,fix-commit
57	P1	125	ghsa-GHSA-9g3v-v24q-jj5p	rdiffweb	CWE-326	CRYPTO-009	GHSA	https://github.com/ikus060/rdiffweb	b5e3bb0a98268d18ceead36ab9b2b7eaacd659a8	https://osv.dev/vulnerability/GHSA-9g3v-v24q-jj5p	https://github.com/ikus060/rdiffweb/commit/b5e3bb0a98268d18ceead36ab9b2b7eaacd659a8	target-cwe:CWE-326,github-repo,fix-commit
58	P1	125	ghsa-GHSA-62rc-f4v9-h543-1	sagemaker	CWE-295	CRYPTO-010	GHSA	https://github.com/aws/sagemaker-python-sdk	5e7a3efa7bec0a161194ffa0cef346dda93bf2c6	https://osv.dev/vulnerability/GHSA-62rc-f4v9-h543	https://github.com/aws/sagemaker-python-sdk/commit/5e7a3efa7bec0a161194ffa0cef346dda93bf2c6	target-cwe:CWE-295,github-repo,fix-commit
59	P1	125	ghsa-GHSA-6845-xw22-ffxv	vyper	CWE-327		GHSA	https://github.com/vyperlang/vyper	d9f9fdadd81a148cbc68f02dbbbcdc0c92fad652	https://osv.dev/vulnerability/GHSA-6845-xw22-ffxv	https://github.com/vyperlang/vyper/commit/d9f9fdadd81a148cbc68f02dbbbcdc0c92fad652	target-cwe:CWE-327,github-repo,fix-commit
60	P1	125	ghsa-GHSA-2mmv-7rrp-g8xh	wlc	CWE-295	CRYPTO-010	GHSA	https://github.com/WeblateOrg/wlc	a513864ec4daad00146e6d6e039559726e256fa3	https://osv.dev/vulnerability/GHSA-2mmv-7rrp-g8xh	https://github.com/WeblateOrg/wlc/commit/a513864ec4daad00146e6d6e039559726e256fa3	target-cwe:CWE-295,github-repo,fix-commit
