rank	candidate_id	priority	package	cwe	rule_id	license	license_fetch_status	fetch_status	rebuild_status	selected_file_reason	file_path	function_name	repo_url	vuln_commit	fix_commit	code_vuln_url	code_fixed_url	advisory_url
1	osv-GHSA-35m5-8cvj-8783	P0	enrocrypt	CWE-326		MIT	ok	ok	ok: function extracted	selected enrocrypt/hashing.py (score=21; package-name-in-path, crypto-path:hash, cwe-patch:sha, changed-lines:5, focused-path)	enrocrypt/hashing.py	SHA244	https://github.com/Morgan-Phoenix/EnroCrypt	d02050267cecbe4f2877a07ca8a930129528ac05	e652d56ac60eadfc26489ab83927af13a9b9d8ce	https://github.com/Morgan-Phoenix/EnroCrypt/blob/d02050267cecbe4f2877a07ca8a930129528ac05/enrocrypt/hashing.py	https://github.com/Morgan-Phoenix/EnroCrypt/blob/e652d56ac60eadfc26489ab83927af13a9b9d8ce/enrocrypt/hashing.py	https://osv.dev/vulnerability/GHSA-35m5-8cvj-8783
2	osv-GHSA-xg4x-w2j3-57h6	P0	OctoPrint	CWE-208	CRYPTO-013	AGPL-3.0	ok	ok	ok: function extracted	selected src/octoprint/access/users.py (score=24; package-name-in-path, src/lib-path, top-level-source-path, cwe-patch:compare_digest,hmac,secrets, changed-lines:3, focused-path)	src/octoprint/access/users.py	find_user	https://github.com/OctoPrint/OctoPrint	02c7cfcdd3ab887b7b0ec10efd3c622b8e725fe6	249fd80ab01bc4b7dabedff768230a0fb5d01a8c	https://github.com/OctoPrint/OctoPrint/blob/02c7cfcdd3ab887b7b0ec10efd3c622b8e725fe6/src/octoprint/access/users.py	https://github.com/OctoPrint/OctoPrint/blob/249fd80ab01bc4b7dabedff768230a0fb5d01a8c/src/octoprint/access/users.py	https://osv.dev/vulnerability/GHSA-xg4x-w2j3-57h6
3	osv-GHSA-77rc-x84q-pv4f-1	P0	apache-airflow	CWE-295	CRYPTO-010	Apache-2.0	ok	ok	ok: function extracted	selected airflow/contrib/auth/backends/ldap_auth.py (score=16; crypto-path:auth, cwe-patch:cert,ssl,tls, changed-lines:16, focused-path)	airflow/contrib/auth/backends/ldap_auth.py	get_ldap_connection	https://github.com/apache/airflow	848e432865da82c86918bac8b466d17dc12cd84c	28abf87bd173cc4cedc57f553118470e5745a968	https://github.com/apache/airflow/blob/848e432865da82c86918bac8b466d17dc12cd84c/airflow/contrib/auth/backends/ldap_auth.py	https://github.com/apache/airflow/blob/28abf87bd173cc4cedc57f553118470e5745a968/airflow/contrib/auth/backends/ldap_auth.py	https://osv.dev/vulnerability/GHSA-77rc-x84q-pv4f
4	osv-GHSA-5f35-pq34-c87q-1	P0	apache-airflow-providers-smtp	CWE-295	CRYPTO-010	Apache-2.0	ok	ok	ok: function extracted	selected airflow/providers/imap/hooks/imap.py (score=12; cwe-patch:context,ssl, changed-lines:37, focused-path)	airflow/providers/imap/hooks/imap.py	_build_client	https://github.com/apache/airflow	dbacacbd4d476da757de148a4e747924c34fd7fe	38fc9cd823feafd8ec61d5d5c7eddb9e9162f755	https://github.com/apache/airflow/blob/dbacacbd4d476da757de148a4e747924c34fd7fe/airflow/providers/imap/hooks/imap.py	https://github.com/apache/airflow/blob/38fc9cd823feafd8ec61d5d5c7eddb9e9162f755/airflow/providers/imap/hooks/imap.py	https://osv.dev/vulnerability/GHSA-5f35-pq34-c87q
5	osv-GHSA-g2jx-37x6-6438-1	P0	arcade-mcp-server	CWE-321	CRYPTO-007	MIT	ok	ok	ok: function extracted	selected libs/arcade-mcp-server/arcade_mcp_server/worker.py (score=24; package-name-in-path, src/lib-path, top-level-source-path, cwe-patch:secret, changed-lines:21, focused-path)	libs/arcade-mcp-server/arcade_mcp_server/worker.py	create_arcade_mcp	https://github.com/ArcadeAI/arcade-mcp	a921b76ce963cb11eba5cf6415566b09692d9c95	44660d18ceb220600401303df860a31ca766c817	https://github.com/ArcadeAI/arcade-mcp/blob/a921b76ce963cb11eba5cf6415566b09692d9c95/libs/arcade-mcp-server/arcade_mcp_server/worker.py	https://github.com/ArcadeAI/arcade-mcp/blob/44660d18ceb220600401303df860a31ca766c817/libs/arcade-mcp-server/arcade_mcp_server/worker.py	https://osv.dev/vulnerability/GHSA-g2jx-37x6-6438
6	osv-GHSA-4m32-cjv7-f425	P0	astrbot	CWE-321	CRYPTO-007	AGPL-3.0	ok	ok	ok: function extracted	selected astrbot/dashboard/routes/auth.py (score=22; package-name-in-path, crypto-path:auth, cwe-patch:secret,token, changed-lines:7, focused-path)	astrbot/dashboard/routes/auth.py	generate_jwt	https://github.com/AstrBotDevs/AstrBot	289214e85c78408aa36bad8e071766b6b56175bb	d03e9fb90a0921a1bd10cf480bdacc9aaa246472	https://github.com/AstrBotDevs/AstrBot/blob/289214e85c78408aa36bad8e071766b6b56175bb/astrbot/dashboard/routes/auth.py	https://github.com/AstrBotDevs/AstrBot/blob/d03e9fb90a0921a1bd10cf480bdacc9aaa246472/astrbot/dashboard/routes/auth.py	https://osv.dev/vulnerability/GHSA-4m32-cjv7-f425
7	osv-GHSA-gc24-px2r-5qmf-1	P0	bambuddy	CWE-321	CRYPTO-007	AGPL-3.0	ok	ok	ok: function extracted	selected backend/app/api/routes/api_keys.py (score=15; crypto-path:key, cwe-patch:api_key,key, changed-lines:13, focused-path)	backend/app/api/routes/api_keys.py	list_api_keys	https://github.com/maziggy/bambuddy	572dbf393ee5528cdc02f339306053744df8b1b3	a82f9278d2d587b7042a0858aab79fd8b6e3add9	https://github.com/maziggy/bambuddy/blob/572dbf393ee5528cdc02f339306053744df8b1b3/backend/app/api/routes/api_keys.py	https://github.com/maziggy/bambuddy/blob/a82f9278d2d587b7042a0858aab79fd8b6e3add9/backend/app/api/routes/api_keys.py	https://osv.dev/vulnerability/GHSA-gc24-px2r-5qmf
8	osv-GHSA-39vm-p9mr-4r27	P0	beaker	CWE-326			not declared	ok	ok: function extracted	selected beaker/crypto/pycrypto.py (score=23; package-name-in-path, crypto-path:crypto, cwe-patch:aes,cipher, changed-lines:11, focused-path)	beaker/crypto/pycrypto.py	aesEncrypt	https://github.com/bbangert/beaker	066299ce0aa6174c2b7c1070d801cbf540932697	91becae76101cf87ce8cbfabe3af2622fc328fe5	https://github.com/bbangert/beaker/blob/066299ce0aa6174c2b7c1070d801cbf540932697/beaker/crypto/pycrypto.py	https://github.com/bbangert/beaker/blob/91becae76101cf87ce8cbfabe3af2622fc328fe5/beaker/crypto/pycrypto.py	https://osv.dev/vulnerability/GHSA-39vm-p9mr-4r27
9	osv-GHSA-w6q2-48ch-fj26-1	P0	bigflow	CWE-295	CRYPTO-010		not declared	ok	ok: function extracted	selected bigflow/cli.py (score=18; package-name-in-path, cwe-patch:cert,ssl,tls,verify, changed-lines:3, focused-path)	bigflow/cli.py	_add_auth_parsers_arguments	https://github.com/allegro/bigflow	082fb76b56dd1d4ac449f3aed57a280934bc8185	4ce197ff99bd38693dea59ab5e9b781fbcef4276	https://github.com/allegro/bigflow/blob/082fb76b56dd1d4ac449f3aed57a280934bc8185/bigflow/cli.py	https://github.com/allegro/bigflow/blob/4ce197ff99bd38693dea59ab5e9b781fbcef4276/bigflow/cli.py	https://osv.dev/vulnerability/GHSA-w6q2-48ch-fj26
10	osv-GHSA-f248-v4qh-x2r6	P0	blackduck	CWE-295	CRYPTO-010	Apache-2.0	ok	ok	ok: function extracted	selected blackduck/HubRestApi.py (score=16; package-name-in-path, cwe-patch:verify, changed-lines:6, focused-path)	blackduck/HubRestApi.py	upload_scan	https://github.com/blackducksoftware/hub-rest-api-python	42e2e81b6be1017ed4d5719b5aace264293b75d8	0a25777117515b8b4ff287a98f57837a8c6bdbdb	https://github.com/blackducksoftware/hub-rest-api-python/blob/42e2e81b6be1017ed4d5719b5aace264293b75d8/blackduck/HubRestApi.py	https://github.com/blackducksoftware/hub-rest-api-python/blob/0a25777117515b8b4ff287a98f57837a8c6bdbdb/blackduck/HubRestApi.py	https://osv.dev/vulnerability/GHSA-f248-v4qh-x2r6
11	osv-GHSA-m38j-pmg3-v5x5	P0	django-basic-auth-ip-whitelist	CWE-208	CRYPTO-013	BSD-3-Clause	ok	ok	ok: function extracted	selected baipw/utils.py (score=8; cwe-patch:constant_time, changed-lines:5, focused-path)	baipw/utils.py	authorize	https://github.com/tm-kn/django-basic-auth-ip-whitelist	8dc728ed781f0c1a619687b26f5e7c98424bc2f1	effe05ed1ed9e1ccc675a65b69d36217e5c5dfc6	https://github.com/tm-kn/django-basic-auth-ip-whitelist/blob/8dc728ed781f0c1a619687b26f5e7c98424bc2f1/baipw/utils.py	https://github.com/tm-kn/django-basic-auth-ip-whitelist/blob/effe05ed1ed9e1ccc675a65b69d36217e5c5dfc6/baipw/utils.py	https://osv.dev/vulnerability/GHSA-m38j-pmg3-v5x5
12	osv-GHSA-95c6-p277-p87g	P0	fastapi-api-key	CWE-208	CRYPTO-013	MIT	ok	ok	ok: function extracted	selected src/fastapi_api_key/services/base.py (score=26; package-name-in-path, src/lib-path, top-level-source-path, cwe-patch:secrets, changed-lines:52, focused-path)	src/fastapi_api_key/services/base.py	__init__	https://github.com/Athroniaeth/fastapi-api-key	7c2c719058478f430e250ba59725b174d494ea71	310b2c5c77305f38c63c0b917539a0344071dfd8	https://github.com/Athroniaeth/fastapi-api-key/blob/7c2c719058478f430e250ba59725b174d494ea71/src/fastapi_api_key/services/base.py	https://github.com/Athroniaeth/fastapi-api-key/blob/310b2c5c77305f38c63c0b917539a0344071dfd8/src/fastapi_api_key/services/base.py	https://osv.dev/vulnerability/GHSA-95c6-p277-p87g
13	osv-GHSA-6655-8ph2-63j3	P0	gradio	CWE-327		Apache-2.0	ok	ok	ok: function extracted	selected gradio/processing_utils.py (score=17; package-name-in-path, cwe-patch:hashlib, changed-lines:13, focused-path)	gradio/processing_utils.py	save_audio_to_cache	https://github.com/gradio-app/gradio	0528c2c0e2c7080eeb5133f4c87b1bb38184ba47	1c609af6918b20d0b4347b9f41b04569d6adca24	https://github.com/gradio-app/gradio/blob/0528c2c0e2c7080eeb5133f4c87b1bb38184ba47/gradio/processing_utils.py	https://github.com/gradio-app/gradio/blob/1c609af6918b20d0b4347b9f41b04569d6adca24/gradio/processing_utils.py	https://osv.dev/vulnerability/GHSA-6655-8ph2-63j3
14	osv-GHSA-gg9x-qcx2-xmrh	P0	joserfc	CWE-326		BSD-3-Clause	ok	ok	ok: function extracted	selected src/joserfc/_rfc7518/jws_algs.py (score=22; package-name-in-path, src/lib-path, top-level-source-path, cwe-patch:sha, changed-lines:7, focused-path)	src/joserfc/_rfc7518/jws_algs.py	sign	https://github.com/authlib/joserfc	1e5b94da589c695f54abd9f1a0ad822dcffe0305	86d00910b2b2d2d07503fee9b572906daefab7f1	https://github.com/authlib/joserfc/blob/1e5b94da589c695f54abd9f1a0ad822dcffe0305/src/joserfc/_rfc7518/jws_algs.py	https://github.com/authlib/joserfc/blob/86d00910b2b2d2d07503fee9b572906daefab7f1/src/joserfc/_rfc7518/jws_algs.py	https://osv.dev/vulnerability/GHSA-gg9x-qcx2-xmrh
15	osv-GHSA-c759-cx9p-mrwq	P0	lightrag-hku	CWE-208	CRYPTO-013	MIT	ok	ok	ok: function extracted	selected lightrag/api/passwords.py (score=15; crypto-path:password, cwe-patch:compare_digest,hmac, changed-lines:10, focused-path)	lightrag/api/passwords.py	verify_password	https://github.com/HKUDS/LightRAG	41fd8bc62f37e50462832bd1ca33b63282dbbd2c	89849c3ed0e0380345a6b5bade027cfb9a5bf32c	https://github.com/HKUDS/LightRAG/blob/41fd8bc62f37e50462832bd1ca33b63282dbbd2c/lightrag/api/passwords.py	https://github.com/HKUDS/LightRAG/blob/89849c3ed0e0380345a6b5bade027cfb9a5bf32c/lightrag/api/passwords.py	https://osv.dev/vulnerability/GHSA-c759-cx9p-mrwq
16	osv-GHSA-prfw-69r3-wqxf	P0	ms-swift	CWE-327		Apache-2.0	ok	ok	ok: function extracted	selected swift/template/base.py (score=8; cwe-patch:hashlib, changed-lines:6, focused-path)	swift/template/base.py	_save_pil_image	https://github.com/modelscope/ms-swift	5efb4afdfa72a0321a8ab552174fddcc177d44db	27426a6431759a82e2a1c98344b425f90be17e07	https://github.com/modelscope/ms-swift/blob/5efb4afdfa72a0321a8ab552174fddcc177d44db/swift/template/base.py	https://github.com/modelscope/ms-swift/blob/27426a6431759a82e2a1c98344b425f90be17e07/swift/template/base.py	https://osv.dev/vulnerability/GHSA-prfw-69r3-wqxf
17	osv-GHSA-8v53-23mx-hcf9	P0	pyload-ng	CWE-295	CRYPTO-010		not declared	ok	ok: function extracted	selected src/pyload/core/network/http/http_request.py (score=15; src/lib-path, top-level-source-path, cwe-patch:ssl,verify, changed-lines:7, focused-path)	src/pyload/core/network/http/http_request.py	init_handle	https://github.com/pyload/pyload	efdaffb9ad086440aa5a3ffa2f296c96766b2303	a9098bdf7406e6faf9df3da6ff2d584e90c13bbb	https://github.com/pyload/pyload/blob/efdaffb9ad086440aa5a3ffa2f296c96766b2303/src/pyload/core/network/http/http_request.py	https://github.com/pyload/pyload/blob/a9098bdf7406e6faf9df3da6ff2d584e90c13bbb/src/pyload/core/network/http/http_request.py	https://osv.dev/vulnerability/GHSA-8v53-23mx-hcf9
18	osv-GHSA-3xxc-pwj6-jgrj	P0	rfc3161-client	CWE-295	CRYPTO-010	Apache-2.0	ok	ok	ok: function extracted	selected src/rfc3161_client/verify.py (score=30; package-name-in-path, src/lib-path, top-level-source-path, crypto-path:verify, cwe-patch:cert,verify, changed-lines:25, focused-path)	src/rfc3161_client/verify.py	_verify_leaf_certs	https://github.com/trailofbits/rfc3161-client	f025816dbeb716b67a53e47d8e0afb9f403b7c49	4f7d372297b4fba7b0119e9f954e4495ec0592c0	https://github.com/trailofbits/rfc3161-client/blob/f025816dbeb716b67a53e47d8e0afb9f403b7c49/src/rfc3161_client/verify.py	https://github.com/trailofbits/rfc3161-client/blob/4f7d372297b4fba7b0119e9f954e4495ec0592c0/src/rfc3161_client/verify.py	https://osv.dev/vulnerability/GHSA-3xxc-pwj6-jgrj
19	osv-GHSA-xjhr-fm27-4hmx	P0	richie	CWE-208	CRYPTO-013	MIT	ok	ok	ok: function extracted	selected src/richie/apps/courses/api.py (score=24; package-name-in-path, src/lib-path, top-level-source-path, cwe-patch:compare_digest,hmac,secrets, changed-lines:5, focused-path)	src/richie/apps/courses/api.py	sync_course_runs_from_request	https://github.com/openfun/richie	a5eb317683a95b9343f38d7e95a5bd65eac72ae2	a1b5bbda3403d7debb466c303a32852925fcba5f	https://github.com/openfun/richie/blob/a5eb317683a95b9343f38d7e95a5bd65eac72ae2/src/richie/apps/courses/api.py	https://github.com/openfun/richie/blob/a1b5bbda3403d7debb466c303a32852925fcba5f/src/richie/apps/courses/api.py	https://osv.dev/vulnerability/GHSA-xjhr-fm27-4hmx
20	osv-GHSA-rjrp-m2jw-pv9c-1	P0	sagemaker	CWE-295	CRYPTO-010	Apache-2.0	ok	ok	ok: function extracted	selected src/sagemaker/remote_function/job.py (score=24; package-name-in-path, src/lib-path, top-level-source-path, cwe-patch:context, changed-lines:23, focused-path)	src/sagemaker/remote_function/job.py	__init__	https://github.com/aws/sagemaker-python-sdk	c9966d20992192222fb378861fb3b745b64076f4	708c7b2f4135ecaec55973d098f3dbe98b657933	https://github.com/aws/sagemaker-python-sdk/blob/c9966d20992192222fb378861fb3b745b64076f4/src/sagemaker/remote_function/job.py	https://github.com/aws/sagemaker-python-sdk/blob/708c7b2f4135ecaec55973d098f3dbe98b657933/src/sagemaker/remote_function/job.py	https://osv.dev/vulnerability/GHSA-rjrp-m2jw-pv9c
21	osv-GHSA-gmhf-gg8w-jw42	P0	signxml	CWE-208	CRYPTO-013	Apache-2.0	ok	ok	ok: function extracted	selected signxml/verifier.py (score=16; package-name-in-path, cwe-patch:hmac, changed-lines:5, focused-path)	signxml/verifier.py	verify	https://github.com/XML-Security/signxml	43e06b4b54694c6ac987187c07a152bfa5221a2f	1b501faaacf34cf978a52dbc6915ec11e27611cd	https://github.com/XML-Security/signxml/blob/43e06b4b54694c6ac987187c07a152bfa5221a2f/signxml/verifier.py	https://github.com/XML-Security/signxml/blob/1b501faaacf34cf978a52dbc6915ec11e27611cd/signxml/verifier.py	https://osv.dev/vulnerability/GHSA-gmhf-gg8w-jw42
22	osv-GHSA-vqwp-45wm-r9r5	P0	streamlit	CWE-327		Apache-2.0	ok	ok	ok: function extracted	selected lib/streamlit/runtime/caching/hashing.py (score=23; package-name-in-path, src/lib-path, top-level-source-path, crypto-path:hash, generic-crypto-patch, changed-lines:15, focused-path)	lib/streamlit/runtime/caching/hashing.py	_to_bytes	https://github.com/streamlit/streamlit	4d2a62a151466f7dc2fb9d076092526c6b2aeec6	fec0f584dae9261abed16cad35b32922104bb933	https://github.com/streamlit/streamlit/blob/4d2a62a151466f7dc2fb9d076092526c6b2aeec6/lib/streamlit/runtime/caching/hashing.py	https://github.com/streamlit/streamlit/blob/fec0f584dae9261abed16cad35b32922104bb933/lib/streamlit/runtime/caching/hashing.py	https://osv.dev/vulnerability/GHSA-vqwp-45wm-r9r5
23	osv-GHSA-wvcv-832q-fjg7	P0	tlslite-ng	CWE-326			not declared	ok	ok: function extracted	selected tlslite/utils/rsakey.py (score=19; crypto-path:key, cwe-patch:cipher,rsa,sha,tls, changed-lines:236, focused-path)	tlslite/utils/rsakey.py	__init__	https://github.com/tlsfuzzer/tlslite-ng	acdde3161124d6ae37c506b3476aea9996d12e97	c28d6d387bba59d8bd5cb3ba15edc42edf54b368	https://github.com/tlsfuzzer/tlslite-ng/blob/acdde3161124d6ae37c506b3476aea9996d12e97/tlslite/utils/rsakey.py	https://github.com/tlsfuzzer/tlslite-ng/blob/c28d6d387bba59d8bd5cb3ba15edc42edf54b368/tlslite/utils/rsakey.py	https://osv.dev/vulnerability/GHSA-wvcv-832q-fjg7
24	osv-GHSA-5h3x-6gwf-73jm	P0	vantage6	CWE-208	CRYPTO-013	Apache-2.0	ok	ok	ok: function extracted	selected vantage6-server/vantage6/server/resource/common/auth_helper.py (score=16; package-name-in-path, crypto-path:auth, generic-crypto-patch, changed-lines:6, focused-path)	vantage6-server/vantage6/server/resource/common/auth_helper.py	__notify_user_blocked	https://github.com/vantage6/vantage6	70bb4e1d889230a841eb364d6c03accd7dd01a41	aecfd6d0e83165a41a60ebd52d2287b0217be26b	https://github.com/vantage6/vantage6/blob/70bb4e1d889230a841eb364d6c03accd7dd01a41/vantage6-server/vantage6/server/resource/common/auth_helper.py	https://github.com/vantage6/vantage6/blob/aecfd6d0e83165a41a60ebd52d2287b0217be26b/vantage6-server/vantage6/server/resource/common/auth_helper.py	https://osv.dev/vulnerability/GHSA-5h3x-6gwf-73jm
25	osv-GHSA-45gq-q4xh-cp53	P0	vantage6-server	CWE-208	CRYPTO-013	Apache-2.0	ok	ok	ok: function extracted	selected vantage6-server/vantage6/server/resource/common/auth_helper.py (score=20; package-name-in-path, crypto-path:auth, generic-crypto-patch, changed-lines:196, focused-path)	vantage6-server/vantage6/server/resource/common/auth_helper.py	user_login	https://github.com/vantage6/vantage6	eac19db737145d3ca987adf037a454fae0790ddd	389f416c445da4f2438c72f34c3b1084485c4e30	https://github.com/vantage6/vantage6/blob/eac19db737145d3ca987adf037a454fae0790ddd/vantage6-server/vantage6/server/resource/common/auth_helper.py	https://github.com/vantage6/vantage6/blob/389f416c445da4f2438c72f34c3b1084485c4e30/vantage6-server/vantage6/server/resource/common/auth_helper.py	https://osv.dev/vulnerability/GHSA-45gq-q4xh-cp53
26	osv-GHSA-4qjh-9fv9-r85r	P0	vllm	CWE-208	CRYPTO-013	Apache-2.0	ok	ok	ok: function extracted	selected vllm/inputs/preprocess.py (score=15; package-name-in-path, generic-crypto-patch, changed-lines:178, focused-path)	vllm/inputs/preprocess.py	_get_prompt_data	https://github.com/vllm-project/vllm	a7d5b016bd0a882767dc1c3cc1537dc8c93a2ea7	77073c77bc2006eb80ea6d5128f076f5e6c6f54f	https://github.com/vllm-project/vllm/blob/a7d5b016bd0a882767dc1c3cc1537dc8c93a2ea7/vllm/inputs/preprocess.py	https://github.com/vllm-project/vllm/blob/77073c77bc2006eb80ea6d5128f076f5e6c6f54f/vllm/inputs/preprocess.py	https://osv.dev/vulnerability/GHSA-4qjh-9fv9-r85r
27	osv-GHSA-jjjr-3jcw-f8v6-1	P0	wagtail	CWE-208	CRYPTO-013	BSD-3-Clause	ok	ok	ok: function extracted	selected wagtail/core/forms.py (score=16; package-name-in-path, cwe-patch:constant_time, changed-lines:3, focused-path)	wagtail/core/forms.py	clean_password	https://github.com/wagtail/wagtail	baa4accbd0c2c5bbeab38b9d30341f18e5b3a19a	3c030490ed575bb9cd01dfb3a890477dcaeb2edf	https://github.com/wagtail/wagtail/blob/baa4accbd0c2c5bbeab38b9d30341f18e5b3a19a/wagtail/core/forms.py	https://github.com/wagtail/wagtail/blob/3c030490ed575bb9cd01dfb3a890477dcaeb2edf/wagtail/core/forms.py	https://osv.dev/vulnerability/GHSA-jjjr-3jcw-f8v6
28	osv-GHSA-8ch4-58qp-g3mp	P0	websockets	CWE-208	CRYPTO-013	BSD-3-Clause	ok	ok	ok: function extracted	selected src/websockets/legacy/auth.py (score=30; package-name-in-path, src/lib-path, top-level-source-path, crypto-path:auth, cwe-patch:compare_digest,hmac, changed-lines:28, focused-path)	src/websockets/legacy/auth.py	basic_auth_protocol_factory	https://github.com/aaugustin/websockets	a14226afb77b524c2ced7d649ac7420a14992716	547a26b685d08cac0aa64e5e65f7867ac0ea9bc0	https://github.com/aaugustin/websockets/blob/a14226afb77b524c2ced7d649ac7420a14992716/src/websockets/legacy/auth.py	https://github.com/aaugustin/websockets/blob/547a26b685d08cac0aa64e5e65f7867ac0ea9bc0/src/websockets/legacy/auth.py	https://osv.dev/vulnerability/GHSA-8ch4-58qp-g3mp
29	ghsa-GHSA-3c45-wgjp-7v9r	P1	Twisted	CWE-295	CRYPTO-010		not declared	ok	ok: function extracted	selected twisted/web/client.py (score=17; package-name-in-path, cwe-patch:ssl,tls, changed-lines:3, focused-path)	twisted/web/client.py	creatorForNetloc	https://github.com/twisted/twisted	e6af9e26aa314f14038876c8cb802dc0b3f3d116	3b5942252f5f3e45862a0e12b266ab29e243cc33	https://github.com/twisted/twisted/blob/e6af9e26aa314f14038876c8cb802dc0b3f3d116/twisted/web/client.py	https://github.com/twisted/twisted/blob/3b5942252f5f3e45862a0e12b266ab29e243cc33/twisted/web/client.py	https://osv.dev/vulnerability/GHSA-3c45-wgjp-7v9r
30	ghsa-GHSA-82r6-8w77-94w6	P1	anyio	CWE-295	CRYPTO-010	MIT	ok	ok	ok: function extracted	selected src/anyio/streams/tls.py (score=29; package-name-in-path, src/lib-path, top-level-source-path, crypto-path:tls, cwe-patch:context,ssl, changed-lines:16, focused-path)	src/anyio/streams/tls.py	wrap	https://github.com/agronholm/anyio	eb562e6462ee46b1904e50b02ce00a858cdeb200	68f58915f82d9be8109ebbbd8f5d70577d43f2ce	https://github.com/agronholm/anyio/blob/eb562e6462ee46b1904e50b02ce00a858cdeb200/src/anyio/streams/tls.py	https://github.com/agronholm/anyio/blob/68f58915f82d9be8109ebbbd8f5d70577d43f2ce/src/anyio/streams/tls.py	https://osv.dev/vulnerability/GHSA-82r6-8w77-94w6
31	ghsa-GHSA-prcq-52f8-fp44	P1	apache-libcloud	CWE-295	CRYPTO-010	Apache-2.0	ok	ok	ok: function extracted	selected libcloud/httplib_ssl.py (score=14; crypto-path:ssl, cwe-patch:cert,verify, changed-lines:9, focused-path)	libcloud/httplib_ssl.py	_verify_hostname	https://github.com/apache/libcloud	5a0d55db2232102d5db9d7e5df1762b08c064f55	f2af5502dae3ac63e656dd1b7d5f29cc82ded401	https://github.com/apache/libcloud/blob/5a0d55db2232102d5db9d7e5df1762b08c064f55/libcloud/httplib_ssl.py	https://github.com/apache/libcloud/blob/f2af5502dae3ac63e656dd1b7d5f29cc82ded401/libcloud/httplib_ssl.py	https://osv.dev/vulnerability/GHSA-prcq-52f8-fp44
32	ghsa-GHSA-2xwp-m7mq-7q3r	P1	aws-encryption-sdk-cli	CWE-326		Apache-2.0	ok	ok	ok: function extracted	selected src/aws_encryption_sdk_cli/key_providers.py (score=22; package-name-in-path, src/lib-path, top-level-source-path, crypto-path:key, generic-crypto-patch, changed-lines:7, focused-path)	src/aws_encryption_sdk_cli/key_providers.py	aws_kms_master_key_provider	https://github.com/aws/aws-encryption-sdk-cli	034964fc3cb9e8c7c3513b1e2d551290d27f31d6	7d21b8051cab9e52e056fe427d2bff19cf146460	https://github.com/aws/aws-encryption-sdk-cli/blob/034964fc3cb9e8c7c3513b1e2d551290d27f31d6/src/aws_encryption_sdk_cli/key_providers.py	https://github.com/aws/aws-encryption-sdk-cli/blob/7d21b8051cab9e52e056fe427d2bff19cf146460/src/aws_encryption_sdk_cli/key_providers.py	https://osv.dev/vulnerability/GHSA-2xwp-m7mq-7q3r
33	ghsa-GHSA-v49p-m6gh-747c	P1	djoser	CWE-295	CRYPTO-010	MIT	ok	ok	ok: function extracted	selected djoser/serializers.py (score=17; package-name-in-path, cwe-patch:context, changed-lines:10, focused-path)	djoser/serializers.py	validate	https://github.com/sunscrapers/djoser	610c78c527d4d2c9d2ec834de4df275851200bfd	d33c3993c0c735f23cbedc60fa59fce69354f19d	https://github.com/sunscrapers/djoser/blob/610c78c527d4d2c9d2ec834de4df275851200bfd/djoser/serializers.py	https://github.com/sunscrapers/djoser/blob/d33c3993c0c735f23cbedc60fa59fce69354f19d/djoser/serializers.py	https://osv.dev/vulnerability/GHSA-v49p-m6gh-747c
34	ghsa-GHSA-82vr-5769-6358	P1	ethyca-fides	CWE-338	CRYPTO-008	Apache-2.0	ok	ok	ok: function extracted	selected src/fides/api/service/privacy_request/request_runner_service.py (score=15; src/lib-path, top-level-source-path, cwe-patch:random,secrets, changed-lines:4, focused-path)	src/fides/api/service/privacy_request/request_runner_service.py	generate_id_verification_code	https://github.com/ethyca/fides	611b36bc0119c9c24d826e8b56824dff0b8fb573	685bae61c203d29ed189f4b066a5223a9bb774c6	https://github.com/ethyca/fides/blob/611b36bc0119c9c24d826e8b56824dff0b8fb573/src/fides/api/service/privacy_request/request_runner_service.py	https://github.com/ethyca/fides/blob/685bae61c203d29ed189f4b066a5223a9bb774c6/src/fides/api/service/privacy_request/request_runner_service.py	https://osv.dev/vulnerability/GHSA-82vr-5769-6358
35	ghsa-GHSA-mv8m-v9v6-5f94	P1	kas	CWE-295	CRYPTO-010	MIT	ok	ok	ok: function extracted	selected kas/libcmds.py (score=11; package-name-in-path, generic-crypto-patch, changed-lines:5, focused-path)	kas/libcmds.py	execute	https://github.com/siemens/kas	32dae8f2875d404c0ce2e8483d91902793ada173	1c1e861c9f241ce082b86bef6bedc7da9b676294	https://github.com/siemens/kas/blob/32dae8f2875d404c0ce2e8483d91902793ada173/kas/libcmds.py	https://github.com/siemens/kas/blob/1c1e861c9f241ce082b86bef6bedc7da9b676294/kas/libcmds.py	https://osv.dev/vulnerability/GHSA-mv8m-v9v6-5f94
36	ghsa-GHSA-p6hw-wm59-3g5g	P1	matrix-sydent	CWE-295	CRYPTO-010	Apache-2.0	ok	ok	ok: function extracted	selected sydent/util/emailutils.py (score=10; cwe-patch:cert,context,ssl,tls,verify, changed-lines:8, focused-path)	sydent/util/emailutils.py	sendEmail	https://github.com/matrix-org/sydent	b59186d01c1f6155b127c4aa53e22f7e962f87df	1cd748307c6b168b66154e6c4db715d4b9551261	https://github.com/matrix-org/sydent/blob/b59186d01c1f6155b127c4aa53e22f7e962f87df/sydent/util/emailutils.py	https://github.com/matrix-org/sydent/blob/1cd748307c6b168b66154e6c4db715d4b9551261/sydent/util/emailutils.py	https://osv.dev/vulnerability/GHSA-p6hw-wm59-3g5g
37	ghsa-GHSA-h3m5-p59h-x88p	P1	openssl-encrypt	CWE-256	CRYPTO-011		not declared	ok	ok: function extracted	selected openssl_encrypt/modules/crypt_cli.py (score=22; package-name-in-path, cwe-patch:encrypt,key,password, changed-lines:40, focused-path)	openssl_encrypt/modules/crypt_cli.py	main_with_args	https://github.com/jahlives/openssl_encrypt	963d0d1278b722ea134272f9df65fddcd3e6ab47	e78a3666e4592f3538adaaa6be8f5f04356174db	https://github.com/jahlives/openssl_encrypt/blob/963d0d1278b722ea134272f9df65fddcd3e6ab47/openssl_encrypt/modules/crypt_cli.py	https://github.com/jahlives/openssl_encrypt/blob/e78a3666e4592f3538adaaa6be8f5f04356174db/openssl_encrypt/modules/crypt_cli.py	https://osv.dev/vulnerability/GHSA-h3m5-p59h-x88p
38	ghsa-GHSA-mhhf-vgwh-fw9h	P1	passeo	CWE-338	CRYPTO-008	MIT	ok	ok	ok: function extracted	selected src/passeo/__init__.py (score=27; package-name-in-path, src/lib-path, top-level-source-path, cwe-patch:random,secrets, changed-lines:72, focused-path)	src/passeo/__init__.py	__init__	https://github.com/ArjunSharda/Passeo	d51dd9fa6deb99bda9802b62707ccbc14bbf3e97	8caa798b6bc4647dca59b2376204b6dc6176361a	https://github.com/ArjunSharda/Passeo/blob/d51dd9fa6deb99bda9802b62707ccbc14bbf3e97/src/passeo/__init__.py	https://github.com/ArjunSharda/Passeo/blob/8caa798b6bc4647dca59b2376204b6dc6176361a/src/passeo/__init__.py	https://osv.dev/vulnerability/GHSA-mhhf-vgwh-fw9h
39	ghsa-GHSA-g4r8-3qmh-pmch	P1	pgadmin4	CWE-295	CRYPTO-010		not declared	ok	ok: function extracted	selected web/pgadmin/authenticate/ldap.py (score=11; cwe-patch:cert,ssl,tls, changed-lines:13, focused-path)	web/pgadmin/authenticate/ldap.py	__configure_tls	https://github.com/pgadmin-org/pgadmin4	e374edc69239b3e02ecde895e27d9f9e488b87ee	09d2b7eeb0e330df73b1aef0cba57788fde52b6b	https://github.com/pgadmin-org/pgadmin4/blob/e374edc69239b3e02ecde895e27d9f9e488b87ee/web/pgadmin/authenticate/ldap.py	https://github.com/pgadmin-org/pgadmin4/blob/09d2b7eeb0e330df73b1aef0cba57788fde52b6b/web/pgadmin/authenticate/ldap.py	https://osv.dev/vulnerability/GHSA-g4r8-3qmh-pmch
40	ghsa-GHSA-c3xq-cj8f-7829	P1	python-keystoneclient	CWE-326			not declared	ok	ok: function extracted	selected keystoneclient/middleware/memcache_crypt.py (score=14; cwe-patch:aes,cipher,sha, changed-lines:197, focused-path)	keystoneclient/middleware/memcache_crypt.py	constant_time_compare	https://github.com/openstack/python-keystoneclient	1e3cf4bb2f1370d4117ce1e1d934838e1a475f32	eeefb784f24c37d5f56a421e1ccc911cace9385e	https://github.com/openstack/python-keystoneclient/blob/1e3cf4bb2f1370d4117ce1e1d934838e1a475f32/keystoneclient/middleware/memcache_crypt.py	https://github.com/openstack/python-keystoneclient/blob/eeefb784f24c37d5f56a421e1ccc911cace9385e/keystoneclient/middleware/memcache_crypt.py	https://osv.dev/vulnerability/GHSA-c3xq-cj8f-7829
41	ghsa-GHSA-p3xv-97g8-4wmj	P1	python-swiftclient	CWE-295	CRYPTO-010	Apache-2.0	ok	ok	ok: function extracted	selected swiftclient/client.py (score=14; cwe-patch:cert,ssl,tls,verify, changed-lines:204, focused-path)	swiftclient/client.py	prepare_unicode_headers	https://github.com/openstack/python-swiftclient	9b73547b7de004fe623e454c425e9deee5d3d0ca	b182112719ab87942472e44aa3446ea0eb19a289	https://github.com/openstack/python-swiftclient/blob/9b73547b7de004fe623e454c425e9deee5d3d0ca/swiftclient/client.py	https://github.com/openstack/python-swiftclient/blob/b182112719ab87942472e44aa3446ea0eb19a289/swiftclient/client.py	https://osv.dev/vulnerability/GHSA-p3xv-97g8-4wmj
42	ghsa-GHSA-9g3v-v24q-jj5p	P1	rdiffweb	CWE-326		GPL-3.0	ok	ok	ok: function extracted	selected rdiffweb/controller/page_pref_general.py (score=14; package-name-in-path, generic-crypto-patch, changed-lines:33, focused-path)	rdiffweb/controller/page_pref_general.py	populate_obj	https://github.com/ikus060/rdiffweb	a92b4fa441d50aee48ad257a0cad1e2aac77cb26	b5e3bb0a98268d18ceead36ab9b2b7eaacd659a8	https://github.com/ikus060/rdiffweb/blob/a92b4fa441d50aee48ad257a0cad1e2aac77cb26/rdiffweb/controller/page_pref_general.py	https://github.com/ikus060/rdiffweb/blob/b5e3bb0a98268d18ceead36ab9b2b7eaacd659a8/rdiffweb/controller/page_pref_general.py	https://osv.dev/vulnerability/GHSA-9g3v-v24q-jj5p
43	ghsa-GHSA-6845-xw22-ffxv	P1	vyper	CWE-327			not declared	ok	ok: function extracted	selected vyper/ir/compile_ir.py (score=16; package-name-in-path, cwe-patch:des, changed-lines:4, focused-path)	vyper/ir/compile_ir.py	_compile_to_assembly	https://github.com/vyperlang/vyper	dcec25789bc70da57cc15d55f0bdf80f669427a6	d9f9fdadd81a148cbc68f02dbbbcdc0c92fad652	https://github.com/vyperlang/vyper/blob/dcec25789bc70da57cc15d55f0bdf80f669427a6/vyper/ir/compile_ir.py	https://github.com/vyperlang/vyper/blob/d9f9fdadd81a148cbc68f02dbbbcdc0c92fad652/vyper/ir/compile_ir.py	https://osv.dev/vulnerability/GHSA-6845-xw22-ffxv
44	ghsa-GHSA-2mmv-7rrp-g8xh	P1	wlc	CWE-295	CRYPTO-010	GPL-3.0	ok	ok	ok: function extracted	selected wlc/__init__.py (score=19; package-name-in-path, cwe-patch:cert,ssl,verify, changed-lines:10, focused-path)	wlc/__init__.py	invoke_request	https://github.com/WeblateOrg/wlc	aafdb507a9e66574ade1f68c50c4fe75dbe80797	a513864ec4daad00146e6d6e039559726e256fa3	https://github.com/WeblateOrg/wlc/blob/aafdb507a9e66574ade1f68c50c4fe75dbe80797/wlc/__init__.py	https://github.com/WeblateOrg/wlc/blob/a513864ec4daad00146e6d6e039559726e256fa3/wlc/__init__.py	https://osv.dev/vulnerability/GHSA-2mmv-7rrp-g8xh
